Kommundel	Gatuadress	Boyta/m²	Biyta/m²	Antal rum	Tomtyta	Försäljningspris	Kronor/m²	lat	long	Datum
Täby kommun	Ankarvägen 6	145	46		1324	17000000	117200	59.42079007	18.09331861	2025-12-11
Näsby Park	Skördevägen 21	186	322	5	1811	13500000	72600	59.439338	18.098612	2025-11-28
Näsby Park	Höglandsvägen 26	267	43	8	1003	18900000	70800	59.42956205	18.10220317	2025-11-23
Lahäll	Hästskovägen 4	164	27	7	1816	13000000	79300	59.42478452	18.07022327	2025-11-21
Näsbypark Sjösidan	Måsvägen 10	186	11	6	1000	18425000	99100	59.42997424	18.10433561	2025-11-21
Näsbypark	Utsiktsvägen 10	164	30		1324			59.42062136	18.09305306	2025-11-21
Lahäll	Djursholmsvägen 9	150		5	974	17000000	103700	59.42455996	18.07754396	2025-11-14
Lahäll	Lahällsvägen 13	147	35	5	982	10000000	68000	59.42464068	18.07233716	2025-11-07
Näsbypark Sjösidan	Orrspelsvägen 2	228	4	5	1056	14650000	64300	59.43217276	18.10382763	2025-11-07
Park	Orrvägen 34	160	22	6	553	7325000	45800	59.43653207	18.08710985	2025-11-04
Näsbypark	Torpvägen 24	241	36	7	1544	17000000	70500	59.42023979	18.09411315	2025-11-01
Täby kommun	Djursholmsvägen 50	100	50		1193	13640000	136400	59.42833984	18.09402569	2025-10-31
Näsby Park Sjösidan	Solvägen 2	196	42	8	1050	16225000	82800	59.42715657	18.09886653	2025-10-29
Lahäll	Lyckostigen 14	363			2545	17500000	48200	59.42569161	18.07559707	2025-10-28
Näsbypark	Djursholmsvägen 71	140	76	7	1738	11325000	80900	59.431796	18.097569	2025-10-23
Näsby Park	Orrvägen 9	160	38	6	667	9450000	59100	59.434729	18.089494	2025-09-29
Park	Tibblevägen 51	158	52	6	1153	10350000	65500	59.430556	18.07479	2025-09-26
Näsby Park	Askrikevägen 3	180		7	1778	12750000	70800	59.43328477	18.0958181	2025-09-20
Park	Granliden 12	186	112	10	1504	15500000	83300	59.42543763	18.10044468	2025-09-18
Lahäll	Gränsvägen 9	180	176	8	1709	13150000	73100	59.424753	18.065129	2025-09-18
Lahäll	Älgstigen 15	144	90		1527	12000000	83300	59.42416617	18.06322672	2025-09-16
Park	Solvägen 19	227	9	5	1193	13640000	60100	59.42839403	18.09409685	2025-09-15
Näsbypark	Jungfrustigen 2	71	62	5	1227	11250000	158500	59.42985273	18.07373878	2025-09-11
Täby kommun	Flottiljvägen 8	160	89		1509	13850000	86600	59.43003802	18.0826453	2025-09-02
Näsbypark Sjösidan	Plogvägen 1B	178	49	6	959	12200000	68500	59.43246032	18.10442149	2025-08-29
Näsbypark Sjösidan	Slottsvägen 20	125	117	7	1252	10550000	84400	59.42551649	18.09447326	2025-08-28
Näsby Park	Falkvägen 43	141	80	7	1506	11850000	84000	59.42940995	18.08203701	2025-08-15
Näsby Park	Strandpromenaden 22	242	153		1640	38000000	157000	59.42169564	18.10135428	2025-07-18
Lahäll	Skogsvägen 28	205	26	7	870	12000000	58500	59.42836677	18.06891239	2025-07-06
Näsbypark	Allévägen 8C	185	45	7	920	15660000	84600	59.42607742	18.09582959	2025-07-03
Näsbypark	Djursholmsvägen 49	118	118	10	1233	7550000	64000	59.42855151	18.09305731	2025-06-17
Näsbypark	Ekbacksvägen 35	154	75	7	937	14300000	92900	59.43672904	18.1013903	2025-06-14
Näsbypark	Vallarevägen 22	135	80	6	1020	12800000	94800	59.43598988	18.09543032	2025-06-13
Näsby Park	Djursholmsvägen 95	195	87	8	1546	15750000	80800	59.43689677	18.10038242	2025-06-08
Näsbypark	Vallarevägen 14	138	42	4	895	9700000	70300	59.4349605	18.09715325	2025-06-05
Näsbypark	Jungfrustigen 4A	165	32	5	1046	13150000	79700	59.43029984	18.07383227	2025-06-05
Näsby Park	Kärrstigen 9	145	12	6	801	8325000	57400	59.43786106	18.09496625	2025-06-03
Lahäll	Kolarestigen 15	115	90	6	1525	6990000	60800	59.42557668	18.06144655	2025-05-30
Näsbypark	Flottiljvägen 8	250	20	10	1509	13850000	55400	59.43003802	18.0826453	2025-05-29
Näsbypark Sjösidan	Centralvägen 25	183	65	7	1853	17800000	97300	59.42986141	18.09769235	2025-05-28
Näsby Park	Höglandsvägen 6	194	119	7	2180	24200000	124700	59.42720073	18.10603826	2025-05-27
Näsbypark Sjösidan	Lotsvägen 14	176	114	10	1316	20000000	113600	59.43042957	18.1025244	2025-05-23
Näsby Park	Näsby Allé 59	67	67	4	1064	8175000	122000	59.43166321	18.0708868	2025-05-13
Näsbypark Sjösidan	Allévägen 8	118	68	5	1360	9660000	81900	59.42580318	18.09640416	2025-05-11
Lahäll	Älgstigen 7	197	23	7	800	17225000	87400	59.42405532	18.06577075	2025-05-10
Näsbypark	Skördevägen 18A	162	45	6	903	16400000	101200	59.43889727	18.09977167	2025-05-07
Näsbypark	Centralvägen 11	170	90	6	1668	12200000	71800	59.42818294	18.10101344	2025-05-03
Lahäll	Gränsvägen 18	137	2	5	1019	9700000	70800	59.42617241	18.06592707	2025-05-01
Näsbypark	Strandpromenaden 5	165	40	8	1950	17000000	103000	59.42060066	18.10091901	2025-04-27
Park	Torpvägen 15	240		9	1251	36500000	152100	59.41849827	18.09446709	2025-04-24
Näsbypark	Lärkvägen 8A	161	51	6	1217	12200000	75800	59.43613391	18.0973135	2025-04-16
Täby kommun	Granbacken 2	203	74		1753	20500000	101000	59.42779454	18.10487574	2025-04-14
Lahäll	Lyckostigen 20	169		6	888	13050000	77200	59.42691363	18.07528866	2025-04-13
Näsby Park	Pilfinksvägen 22	100	30	6	1469	8300000	83000	59.43617984	18.10029914	2025-04-04
Näsbypark	Meijerfeldts väg 31	153		5	445	12170000	79500	59.42810179	18.07634894	2025-03-29
Näsbypark	Vallarevägen 4	152	56	7	1106	14250000	93800	59.43402713	18.10050779	2025-03-18
Näsbypark Sjösidan	Djursholmsvägen 58	154	15	5	909	12500000	81200	59.4295714	18.09590201	2025-03-06
Näsbypark	Kvarntorpsvägen 31	194	6	7	1004	12000000	61900	59.43050233	18.06866493	2025-02-26
Lahäll	Kvarntorpsvägen 5	202	10	7	994	10000000	49500	59.42678151	18.06792222	2025-02-19
Lahäll	Hästskovägen 5	200		6	960	16450000	82300	59.42483561	18.07118493	2025-02-05
Näsbypark	Stenblocksvägen 2	200	31	8	1011	17300000	86500	59.43512502	18.09741527	2025-01-30
Näsbypark Sjösidan	Höglandsvägen 28A	202	102	9	986	18550000	91800	59.42981403	18.1019565	2025-01-28